airports.id,airports.airport_name
1,ABR
2,ABI
3,ADK
4,KKI
5,AKI
6,CAK
7,KQA
8,AUK
9,ALM
10,ALS
11,ALB
12,CVO
13,QWY
14,ABQ
15,WKK
16,AEX
17,AET
18,ABE
19,AIA
20,APN
21,AOO
22,AMA
23,ABL
24,AKP
25,ANC
26,AGN
27,ANI
28,ANV
29,ATW
30,ACV
31,ARC
32,AVL
33,HTS
34,ASE
35,AHN
36,AKB
37,ATL
38,AIY
39,ATK
40,AGS
41,AUG
42,AUS
43,BFL
44,BWI
45,BGR
46,BHB
47,BRW
48,BTI
49,BTR
50,MBS
51,BPT
52,ZBV
53,WBQ
54,BKW
55,BED
56,BLV
57,BLI
58,BJI
59,BEH
60,BET
61,ABE
62,BTT
63,BIL
64,GPT
65,BGM
66,KBC
67,BHM
68,BIS
69,BID
70,BMI
71,BLF
72,BOI
73,BOS
74,XHH
75,WHH
76,WBU
77,BYA
78,BWG
79,BZN
80,BFD
81,BRD
82,BWD
83,QKB
84,TRI
85,BKX
86,RBH
87,BRO
88,BQK
89,BKC
90,BUF
91,IFP
92,BUR
93,BRL
94,BTV
95,BTM
96,CAK
97,CGI
98,LUR
99,EHM
100,MDH
101,CLD
102,CNM
103,MRY
104,CPR
105,CDC
106,CID
107,CEM
108,CDR
109,CIK
110,CMI
111,CHS
112,CRW
113,CLT
114,CHO
115,CHA
116,CYF
117,VAK
118,CYS
119,CGX
120,CHI
121,MDW
122,ORD
123,CKX
124,CIC
125,KCG
126,KCQ
127,KCL
128,CZN
129,HIB
130,CHU
131,CVG
132,CHP
133,IRC
134,CLP
135,CKB
136,PIE
137,CLE
138,CVN
139,COD
140,CFA
141,KCC
142,CDB
143,CLL
144,COS
145,COU
146,CAE
147,CSG
148,GTR
149,CMH
150,CCR
151,CNK
152,QCE
153,CDV
154,CRP
155,CEZ
156,CGA
157,CEC
158,CKO
159,CUW
160,CBE
161,DFW
162,DAY
163,DAB
164,DEC
165,DRG
166,DJN
167,DEN
168,QWM
169,DSM
170,DTT
171,DTW
172,DVL
173,DIK
174,DLG
175,DDC
176,DHN
177,DUJ
178,DBQ
179,DLH
180,DRO
181,RDU
182,RDU
183,DUT
184,ABE
185,EAU
186,EDA
187,EEK
188,KKU
189,KEK
190,IPL
191,ELD
192,ELP
193,ELV
194,ELI
195,EKO
196,ELM
197,LYU
198,EMK
199,BGM
200,WDG
201,ERI
202,ESC
203,EUG
204,ACV
205,EUE
206,EVV
207,FAI
208,FAR
209,FYV
210,XNA
211,FAY
212,FLG
213,FNT
214,FLO
215,MSL
216,FNL
217,QWF
218,FOD
219,FLL
220,TBN
221,RSW
222,FSM
223,VPS
224,FWA
225,DFW
226,FKL
227,FAT
228,GNV
229,GUP
230,GCK
231,GYY
232,GCC
233,GGG
234,GGW
235,GDV
236,GLV
237,GNU
238,JGC
239,GCN
240,GFK
241,GRI
242,GJT
243,GRR
244,GPZ
245,KGX
246,GTF
247,GRB
248,GSO
249,GLH
250,PGV
251,GSP
252,GON
253,GPT
254,GUC
255,GST
256,HGR
257,SUN
258,HNS
259,PHF
260,HNM
261,PAK
262,CMX
263,LEB
264,HRL
265,MDT
266,HRO
267,BDL
268,HAE
269,HVR
270,HDN
271,HYS
272,HKB
273,HLN
274,AVL
275,HIB
276,HKY
277,GSO
278,ITO
279,HHH
280,HBB
281,HYL
282,HCR
283,HOM
284,HNL
285,MKK
286,HNH
287,HPB
288,HOT
289,HOU
290,HOU
291,IAH
292,HUS
293,HTS
294,HSV
295,HON
296,HSL
297,HYA
298,HYG
299,IDA
300,IGG
301,ILI
302,IPL
303,IND
304,INL
305,IYK
306,IMT
307,IWD
308,ISP
309,ITH
310,JAC
311,JAN
312,MKL
313,JAX
314,OAJ
315,JMS
316,JHW
317,JVL
318,BGM
319,TRI
320,JST
321,JBR
322,JLN
323,JNU
324,OGG
325,KAE
326,KNK
327,AZO
328,LUP
329,KLG
330,KAL
331,MUE
332,MCI
333,JHM
334,KXA
335,KUK
336,LIH
337,EAR
338,EEN
339,ENA
340,KTN
341,EYW
342,QKS
343,IAN
344,GGG
345,ILE
346,KVC
347,AKN
348,IGM
349,TRI
350,KPN
351,IRK
352,KVL
353,LMT
354,KLW
355,TYS
356,OBU
357,ADQ
358,KOA
359,KKH
360,KOT
361,OTZ
362,KYU
363,KWT
364,KWK
365,LSE
366,LAF
367,LFT
368,LCH
369,HII
370,LMA
371,LNY
372,LNS
373,LAN
374,LAR
375,LRD
376,LAS
377,LBE
378,PIB
379,LAW
380,LEB
381,KLL
382,LWB
383,LWS
384,LWT
385,LEX
386,LBL
387,LIH
388,LNK
389,LIT
390,LGB
391,GGG
392,LPS
393,LAX
394,SDF
395,FNL
396,QWF
397,LBB
398,MCN
399,MSN
400,MDJ
401,MHT
402,MHK
403,MBL
404,MKT
405,MLY
406,KMO
407,PKB
408,MWA
409,MQT
410,MLL
411,MVY
412,AOO
413,MCW
414,MSS
415,OGG
416,MFE
417,MCK
418,MCG
419,MFR
420,MYU
421,MLB
422,MEM
423,MCE
424,MEI
425,MTM
426,WMK
427,MIA
428,MPB
429,MBS
430,MAF
431,MLS
432,MKE
433,MSP
434,MOT
435,MNT
436,MFE
437,MSO
438,CNY
439,MOB
440,MOD
441,MLI
442,MLU
443,MRY
444,MGM
445,MTJ
446,MGW
447,MWH
448,WMH
449,MOU
450,MSL
451,MKG
452,MYR
453,ACK
454,WNA
455,PKA
456,APF
457,BNA
458,NKI
459,NLG
460,NCN
461,HVN
462,KGK
463,GON
464,MSY
465,KNW
466,NYC
467,JFK
468,LGA
469,EWR
470,SWF
471,PHF
472,WWT
473,NME
474,NIB
475,IKO
476,WTK
477,OME
478,NNL
479,ORV
480,OFK
481,ORF
482,OTH
483,LBF
484,ORT
485,NUI
486,NUL
487,NUP
488,OAK
489,MAF
490,OGS
491,OKC
492,OMA
493,ONT
494,SNA
495,ORL
496,MCO
497,OSH
498,OTM
499,OWB
500,OXR
501,PAH
502,PGA
503,PSP
504,PFN
505,PKB
506,PSC
507,PDB
508,PEC
509,PLN
510,PDT
511,PNS
512,PIA
513,KPV
514,PSG
515,PHL
516,TTN
517,PHX
518,PIR
519,UGB
520,PIP
521,PQS
522,PIT
523,PTU
524,PLB
525,PIH
526,KPB
527,PHO
528,PIZ
529,PNC
530,PSE
531,PTA
532,CLM
533,BPT
534,KPC
535,PTH
536,PML
537,PPV
538,PCA
539,PWM
540,PDX
541,PSM
542,POU
543,PRC
544,PQI
545,BLF
546,PVD
547,PVC
548,SCC
549,PUB
550,PUW
551,UIN
552,KWN
553,RDU
554,RMP
555,RAP
556,RDG
557,RDV
558,RDD
559,RDM
560,RNO
561,RHI
562,RIC
563,RIW
564,ROA
565,RCE
566,RST
567,ROC
568,RKS
569,ZRF
570,ZRK
571,RKD
572,RSJ
573,ROW
574,RBY
575,RSH
576,RUT
577,SMF
578,MBS
579,STC
580,STG
581,SGU
582,STL
583,KSM
584,SMK
585,SNP
586,SLE
587,SLN
588,SBY
589,SLC
590,SJT
591,SAT
592,SAN
593,SFO
594,SJC
595,SJU
596,SBP
597,SDP
598,SNA
599,SBA
600,SAF
601,SMX
602,STS
603,SLK
604,SRQ
605,CIU
606,SAV
607,SVA
608,SCM
609,BFF
610,SDL
611,AVP
612,LKE
613,SEA
614,WLK
615,SWD
616,SHX
617,SKK
618,MSL
619,SXP
620,SHR
621,SHH
622,SHV
623,SHG
624,SVC
625,SUX
626,FSD
627,SIT
628,SGY
629,SLQ
630,SBN
631,WSN
632,SOP
633,GSP
634,GEG
635,SPI
636,SGF
637,PIE
638,SCE
639,SHD
640,SBS
641,WBB
642,CWA
643,SVS
644,SWF
645,SCK
646,SRV
647,SUN
648,SYR
649,TCT
650,TKA
651,TLH
652,TPA
653,TAL
654,TSM
655,TEK
656,KTS
657,TEX
658,TKE
659,HUF
660,TEH
661,TXK
662,TVF
663,KTB
664,TNC
665,TOG
666,TKJ
667,OOK
668,TOL
669,TVC
670,TTN
671,TUS
672,TUL
673,TLT
674,WTL
675,TNK
676,TUP
677,TCL
678,TWF
679,TWA
680,TYR
681,UNK
682,CMI
683,UCA
684,UTO
685,EGE
686,QBF
687,VDZ
688,VLD
689,VPS
690,VEE
691,OXR
692,VEL
693,VCT
694,VIS
695,ACT
696,AIN
697,WAA
698,ALW
699,WAS
700,IAD
701,DCA
702,KWF
703,ALO
704,ART
705,ATY
706,CWA
707,EAT
708,PBI
709,WYS
710,HPN
711,WST
712,WSX
713,WWP
714,WMO
715,LEB
716,SPS
717,ICT
718,AVP
719,PHF
720,IPT
721,ISN
722,ILM
723,BDL
724,ORH
725,WRL
726,WRG
727,YKM
728,YAK
729,COD
730,YNG
731,YUM
732,YXX
733,AKV
734,XLY
735,XFS
736,YTF
737,YAA
738,YAX
739,YAB
740,YEK
741,YAT
742,YPJ
743,YBG
744,YBC
745,YBK
746,ZBF
747,XBE
748,ZEL
749,QBC
750,XVV
751,YBV
752,YTL
753,YBI
754,YBX
755,YVB
756,XPN
757,YBR
758,XFV
759,YBT
760,XBR
761,YPZ
762,YYC
763,YCB
764,YBL
765,XAZ
766,YTE
767,XAW
768,YRF
769,XZB
770,YCG
771,YAC
772,XCI
773,XDL
774,YLD
775,YHG
776,YYG
777,XCM
778,XHS
779,YCS
780,YHR
781,YMT
782,YKU
783,ZUM
784,XAD
785,YYQ
786,YCY
787,XGJ
788,YCK
789,YQQ
790,YZS
791,YCC
792,XGK
793,YCA
794,YXC
795,YCR
796,YDN
797,YDI
798,YDA
799,YDQ
800,YDF
801,YVZ
802,YWJ
803,XDM
804,YHD
805,DUQ
806,ZEM
807,XZL
808,YEG
809,YPF
810,YFO
811,ZFD
812,YFA
813,YPY
814,YAG
815,YGH
816,YFH
817,YMM
818,YYE
819,YER
820,YFS
821,YSM
822,YXJ
823,YFX
824,XFC
825,YFC
826,YQX
827,XDD
828,YGP
829,XHM
830,ZGS
831,YGX
832,YGB
833,YHK
834,XZC
835,YGO
836,ZGI
837,YYR
838,YQU
839,XGY
840,YGZ
841,XIA
842,XDG
843,YHZ
844,YUX
845,YHM
846,YGV
847,YHY
848,XDU
849,YOJ
850,YHI
851,YHO
852,ZHO
853,YHB
854,YGT
855,YGR
856,ILF
857,XIB
858,YPH
859,YEV
860,YFB
861,YIV
862,YIK
863,XDH
864,XJL
865,XJQ
866,YKA
867,XGR
868,YWB
869,YKG
870,YYU
871,XKS
872,ZKE
873,KEW
874,ZKG
875,YLW
876,YQK
877,YLC
878,KIF
879,XEG
880,YGK
881,YKF
882,YKT
883,YBB
884,YCO
885,YVP
886,YGW
887,YGL
888,YVC
889,ZLT
890,YLQ
891,XLB
892,XEE
893,XEH
894,XEJ
895,YLH
896,YLR
897,YQL
898,YLL
899,XDQ
900,YXU
901,YSG
902,YMH
903,XID
904,YXH
905,XEK
906,XEY
907,XDP
908,YQM
909,YYY
910,XAX
911,YMY
912,XLM
913,YMQ
914,YUL
915,YMX
916,YMO
917,MSA
918,YDP
919,YQN
920,ZNA
921,YCD
922,YSR
923,XIF
924,YNA
925,YNS
926,XEL
927,XEM
928,XLV
929,YUY
930,YVQ
931,YYB
932,YNO
933,YNE
934,YOG
935,YOC
936,YBS
937,YOO
938,XDS
939,YOW
940,YOH
941,YIF
942,YXP
943,XFE
944,XPB
945,YPC
946,YPE
947,YPO
948,YTA
949,YYF
950,XFG
951,YPL
952,YPM
953,XPX
954,YNL
955,YIO
956,YHP
957,YPB
958,YZT
959,YHA
960,YPN
961,YSO
962,YPX
963,YPW
964,XII
965,YPA
966,XDV
967,YXS
968,XDW
969,YPR
970,XPK
971,YVM
972,XQU
973,YQC
974,YQB
975,YFZ
976,XLK
977,XLJ
978,XFY
979,YQZ
980,YRA
981,YOP
982,YRT
983,YRL
984,YRS
985,YQR
986,YUT
987,YRB
988,YRG
989,YXK
990,XRP
991,YRJ
992,ZRJ
993,YUY
994,ZPB
995,YSY
996,XKV
997,XIM
998,YSJ
999,YYT
1000,YSL
1001,YZG
1002,ZSJ
1003,YSK
1004,XDX
1005,YZR
1006,YXE
1007,YAM
1008,YKL
1009,XFK
1010,YZV
1011,ZTM
1012,XFL
1013,XFM
1014,YXL
1015,YSH
1016,YYD
1017,YFJ
1018,XSI
1019,YAY
1020,YCM
1021,XIO
1022,YST
1023,YJT
1024,YSF
1025,XTY
1026,XDY
1027,YSB
1028,SUR
1029,ZJN
1030,YQY
1031,XTL
1032,YYH
1033,YTQ
1034,YXT
1035,ZTB
1036,XDZ
1037,YQD
1038,YTD
1039,YTH
1040,YQT
1041,YTS
1042,YAZ
1043,YBZ
1044,XLQ
1045,YTZ
1046,YYZ
1047,XLZ
1048,YUB
1049,ZFN
1050,YUD
1051,YBE
1052,YVO
1053,CXH
1054,XEA
1055,YVR
1056,YWH
1057,YYJ
1058,YWK
1059,YKQ
1060,XWA
1061,YWP
1062,YNC
1063,XFQ
1064,YLE
1065,YXN
1066,YWR
1067,YXY
1068,YWM
1069,YWL
1070,XEC
1071,YQG
1072,XEF
1073,YWG
1074,ZWL
1075,XIP
1076,WNN
1077,XWY
1078,YQI
1079,YZF
1080,ZAC
1081,AAL
1082,AES
1083,ZID
1084,AAR
1085,JEG
1086,ABD
1087,ABA
1088,ABZ
1089,AHB
1090,ABJ
1091,AUH
1092,ABS
1093,ABV
1094,ACA
1095,AGV
1096,ACC
1097,ADA
1098,ADD
1099,ADL
1100,ADE
1101,AER
1102,AZR
1103,AFT
1104,AGA
1105,IXA
1106,AUP
1107,AGF
1108,AGR
1109,AJI
1110,BQN
1111,AGU
1112,AGJ
1113,AMD
1114,AWZ
1115,AIM
1116,AEO
1117,AIC
1118,AIT
1119,AJL
1120,AJA
1121,AXT
1122,AKU
1123,AKX
1124,AEY
1125,AAN
1126,AAC
1127,AAY
1128,AHU
1129,ABT
1130,ABX
1131,ACI
1132,ALP
1133,ALJ
1134,ALY
1135,AXD
1136,FJR
1137,AHO
1138,ALG
1139,ALC
1140,ASP
1141,AKX
1142,LEI
1143,ARD
1144,AOR
1145,GUR
1146,ALF
1147,ATM
1148,AAT
1149,ACH
1150,ARR
1151,ASJ
1152,AZB
1153,IVA
1154,AMY
1155,WAM
1156,AMQ
1157,ASV
1158,AMV
1159,AMM
1160,ADJ
1161,ATQ
1162,AMS
1163,DYR
1164,HVA
1165,AAQ
1166,AOI
1167,ANX
1168,AZN
1169,ASD
1170,AUY
1171,JHE
1172,ANE
1173,QXG
1174,AGD
1175,AQG
1176,ANG
1177,AXA
1178,AWD
1179,AKA
1180,ESB
1181,ANK
1182,JVA
1183,AAE
1184,NCY
1185,ANM
1186,AYT
1187,TNR
1188,ANU
1189,ANF
1190,WAQ
1191,DIE
1192,WAI
1193,ANR
1194,ZAY
1195,AOJ
1196,AOT
1197,APO
1198,APW
1199,FGI
1200,AQJ
1201,AJU
1202,ARU
1203,ARW
1204,ARP
1205,AUX
1206,AAG
1207,RAE
1208,AUC
1209,AMH
1210,ADU
1211,AQP
1212,AGH
1213,GYL
1214,ARI
1215,ARH
1216,AXM
1217,ARM
1218,ATC
1219,RUA
1220,AUA
1221,ARK
1222,AJR
1223,AKJ
1224,ASB
1225,ASM
1226,ASO
1227,ATZ
1228,TSE
1229,ASF
1230,OVD
1231,ASU
1232,ASW
1233,AXK
1234,ATH
1235,AIU
1236,ATD
1237,AUQ
1238,GUW
1239,AKL
1240,AGB
1241,AKS
1242,AUL
1243,IXU
1244,AUR
1245,AUU
1246,AVN
1247,AYW
1248,AYQ
1249,BXB
1250,BCD
1251,BJZ
1252,BXD
1253,BDD
1254,IXB
1255,BJR
1256,BHV
1257,BHI
1258,BFQ
1259,BSC
1260,BAH
1261,BAY
1262,VMU
1263,BAK
1264,BAS
1265,BZI
1266,BPN
1267,OPU
1268,BNK
1269,BBA
1270,BXR
1271,ABM
1272,BKO
1273,BTJ
1274,BND
1275,TKG
1276,BDH
1277,BWN
1278,BDO
1279,BLR
1280,BPX
1281,BKK
1282,BNX
1283,BDJ
1284,BJL
1285,BMV
1286,BNP
1287,BGF
1288,BSD
1289,BAV
1290,BCA
1291,BCI
1292,BCN
1293,BLA
1294,BDU
1295,BRI
1296,BNS
1297,BBN
1298,BZL
1299,BAX
1300,BRM
1301,BCL
1302,BRR
1303,EJA
1304,BAQ
1305,BRA
1306,BSO
1307,BSL
1308,ZDH
1309,BUZ
1310,BIA
1311,BTH
1312,BRT
1313,BHS
1314,BAL
1315,BLJ
1316,BXM
1317,BJF
1318,BBM
1319,BUS
1320,BPF
1321,BAU
1322,BYM
1323,BYU
1324,CBH
1325,BEU
1326,EIS
1327,BEI
1328,LAQ
1329,BHY
1330,PEK
1331,BEW
1332,BEY
1333,BJA
1334,BLG
1335,BEL
1336,BMY
1337,BFS
1338,BHD
1339,EGO
1340,BEG
1341,BZE
1342,TZA
1343,BNY
1344,BMD
1345,CNF
1346,PLU
1347,BEB
1348,BEN
1349,BKS
1350,BEJ
1351,BBO
1352,BGO
1353,EGC
1354,BVG
1355,BER
1356,TXL
1357,THF
1358,SXF
1359,BDA
1360,BRN
1361,ZDJ
1362,BPY
1363,BZR
1364,BDP
1365,BWA
1366,BMO
1367,BHR
1368,BHU
1369,BHO
1370,BBI
1371,BHJ
1372,BIK
1373,BIQ
1374,BII
1375,BIO
1376,BLL
1377,BMU
1378,BIM
1379,NSB
1380,BTU
1381,NTI
1382,BIR
1383,BVI
1384,BHX
1385,BHH
1386,FRU
1387,BSK
1388,OXB
1389,BKQ
1390,BLK
1391,BLT
1392,BQS
1393,BLZ
1394,BHE
1395,CNF
1396,BFN
1397,BVC
1398,BOV
1399,BVB
1400,BOC
1401,BOO
1402,BJV
1403,BOG
1404,GIC
1405,BJB
1406,BUI
1407,BWK
1408,BZO
1409,BOA
1410,BOM
1411,BON
1412,BNJ
1413,BOB
1414,BOD
1415,HBE
1416,BMK
1417,BLE
1418,RNN
1419,BOX
1420,BSA
1421,BQL
1422,BOJ
1423,BRK
1424,BOH
1425,BCQ
1426,BMP
1427,BSB
1428,BTS
1429,BTK
1430,BWE
1431,BZV
1432,BRE
1433,BES
1434,BWQ
1435,BGI
1436,BDS
1437,BNE
1438,BRS
1439,BVE
1440,BRQ
1441,ZDN
1442,BHQ
1443,BNN
1444,BME
1445,BHG
1446,BRU
1447,ZYR
1448,CRL
1449,BGA
1450,BBU
1451,OTP
1452,BUD
1453,AEP
1454,EZE
1455,UUA
1456,BJM
1457,BUA
1458,BHK
1459,BKZ
1460,BUQ
1461,UUA
1462,BDB
1463,BXZ
1464,BUO
1465,LEV
1466,BFV
1467,BUC
1468,BWT
1469,PUS
1470,BXU
1471,BZG
1472,SJD
1473,CFR
1474,CGY
1475,CAG
1476,CNS
1477,CAI
1478,CJA
1479,CBQ
1480,CJC
1481,CCU
1482,CLO
1483,CLY
1484,CMW
1485,CBG
1486,CRD
1487,CAL
1488,CPE
1489,CPV
1490,CPQ
1491,CGR
1492,CAW
1493,CAS
1494,CBR
1495,CUN
1496,CEQ
1497,JCA
1498,QYW
1499,CIW
1500,CAP
1501,CPI
1502,CPT
1503,CVL
1504,CCS
1505,CKS
1506,CCF
1507,CWL
1508,CVQ
1509,RIK
1510,CTG
1511,CUP
1512,CAS
1513,CMN
1514,CAC
1515,CSI
1516,CST
1517,DCM
1518,CTC
1519,CTA
1520,CAQ
1521,CXJ
1522,CAY
1523,CYB
1524,CYO
1525,CEB
1526,CED
1527,JCU
1528,ZBR
1529,CMF
1530,IXC
1531,CGQ
1532,CGD
1533,CHX
1534,CZX
1535,CHQ
1536,CHG
1537,XAP
1538,CTL
1539,CHT
1540,CSY
1541,CEK
1542,MAA
1543,CJJ
1544,CEE
1545,CTU
1546,CEG
1547,CTM
1548,CEE
1549,CMJ
1550,CNX
1551,CEI
1552,CYI
1553,CIX
1554,CIF
1555,CUU
1556,YAI
1557,CIP
1558,KIV
1559,HTA
1560,CJL
1561,CTD
1562,CGP
1563,CHY
1564,CKG
1565,CHC
1566,XCH
1567,ICI
1568,AVI
1569,CBL
1570,CME
1571,AGT
1572,CJS
1573,CEN
1574,CVM
1575,CFE
1576,CVC
1577,CNJ
1578,CMK
1579,CLJ
1580,CAZ
1581,CIJ
1582,CBB
1583,COK
1584,CNC
1585,CCK
1586,CUQ
1587,CFS
1588,CJB
1589,CLQ
1590,QKL
1591,CGN
1592,CMB
1593,ONX
1594,CKY
1595,CCP
1596,COC
1597,COG
1598,CND
1599,CZL
1600,OTD
1601,CPD
1602,CTN
1603,OOM
1604,CNB
1605,CPH
1606,CPO
1607,COR
1608,ORK
1609,CZE
1610,CZH
1611,CNQ
1612,CMG
1613,CVU
1614,CBO
1615,COC
1616,CXB
1617,CZM
1618,CCV
1619,CCM
1620,CKI
1621,CRI
1622,CRV
1623,CZS
1624,CUC
1625,CUE
1626,CVJ
1627,CGB
1628,CUL
1629,CUM
1630,CMA
1631,CUR
1632,CWB
1633,CUZ
1634,DAD
1635,DRH
1636,TAE
1637,DKR
1638,VIL
1639,DLM
1640,DLU
1641,DLC
1642,DAM
1643,DMM
1644,DGA
1645,DAR
1646,NLF
1647,DAU
1648,DRW
1649,DTD
1650,DVO
1651,DAV
1652,TVY
1653,DAX
1654,DYG
1655,DDI
1656,DOL
1657,DBM
1658,DBT
1659,DEZ
1660,DEL
1661,DEM
1662,DNM
1663,DNZ
1664,DPS
1665,DEA
1666,DSK
1667,DRB
1668,DER
1669,DSE
1670,DPO
1671,DAC
1672,DIB
1673,DIN
1674,DIJ
1675,DIL
1676,DLY
1677,DMU
1678,DNR
1679,DPL
1680,DIR
1681,DIU
1682,DIY
1683,DJG
1684,DJE
1685,JIB
1686,DNK
1687,DOB
1688,DOD
1689,DDM
1690,DOH
1691,DCF
1692,DOM
1693,CFN
1694,DOK
1695,DOG
1696,DMD
1697,DTM
1698,DOU
1699,DLA
1700,DRS
1701,DXB
1702,DBO
1703,DUB
1704,DBV
1705,DGT
1706,DUM
1707,DND
1708,DUD
1709,DNH
1710,DKI
1711,DGO
1712,DUR
1713,DYU
1714,DUS
1715,MGL
1716,QDU
1717,DZA
1718,ELS
1719,EBO
1720,EOI
1721,EDI
1722,EDO
1723,EDR
1724,EGS
1725,EIN
1726,EIB
1727,SVX
1728,EHL
1729,ELF
1730,EMX
1731,EBD
1732,ELU
1733,EPS
1734,ELE
1735,ESR
1736,VIG
1737,EYP
1738,ETH
1739,EZS
1740,EBA
1741,ELC
1742,EDL
1743,ELH
1744,ESL
1745,EAE
1746,EMS
1747,EMD
1748,EMO
1749,EWI
1750,ENE
1751,ENT
1752,ENF
1753,ENH
1754,EBB
1755,ENU
1756,EPL
1757,ECN
1758,ERF
1759,ERC
1760,ERZ
1761,EBJ
1762,ZBB
1763,ESM
1764,EPR
1765,SON
1766,EQS
1767,EXT
1768,EWE
1769,EXM
1770,VDB
1771,FIE
1772,LYP
1773,FAJ
1774,FKQ
1775,FAV
1776,RVA
1777,FAO
1778,FAE
1779,FRE
1780,FEG
1781,FEN
1782,FEZ
1783,WFI
1784,FSC
1785,FZO
1786,XFW
1787,FIZ
1788,FLF
1789,PSA
1790,FLR
1791,FLA
1792,FLW
1793,FRS
1794,FLN
1795,FRO
1796,FOG
1797,FDE
1798,FMA
1799,FTU
1800,FDF
1801,FOR
1802,FRC
1803,MVB
1804,FRW
1805,HHN
1806,FRA
1807,ZBJ
1808,FPO
1809,FNA
1810,FDH
1811,FUE
1812,FUK
1813,FUJ
1814,FKS
1815,FUN
1816,FNC
1817,FTA
1818,FUT
1819,FUG
1820,FOC
1821,GBE
1822,GAF
1823,GGN
1824,GPS
1825,GEV
1826,GWY
1827,GAX
1828,GMB
1829,GAN
1830,KAG
1831,GHE
1832,GAR
1833,GRL
1834,GPN
1835,GOV
1836,ELQ
1837,ZGU
1838,GAU
1839,GZA
1840,GZT
1841,GDN
1842,GEB
1843,GDZ
1844,EGN
1845,GES
1846,GVA
1847,GOA
1848,GGT
1849,GRJ
1850,GEO
1851,GET
1852,GRO
1853,LTD
1854,GHA
1855,GHT
1856,GIB
1857,GIL
1858,GIS
1859,GIZ
1860,GZO
1861,GLT
1862,GLA
1863,PIK
1864,GLI
1865,GOI
1866,GOB
1867,GGS
1868,GDE
1869,GYN
1870,OOL
1871,GLF
1872,GOQ
1873,GOE
1874,GDQ
1875,GOR
1876,GKA
1877,GTO
1878,GOT
1879,GSE
1880,GBL
1881,GUD
1882,GOV
1883,GHB
1884,GVR
1885,OYA
1886,GZM
1887,GRW
1888,GFN
1889,GRX
1890,GCM
1891,GDT
1892,GRZ
1893,GND
1894,GNB
1895,GFF
1896,GRY
1897,JGR
1898,GRQ
1899,GTE
1900,GDL
1901,GUM
1902,GJA
1903,BJX
1904,CAN
1905,GAO
1906,GUA
1907,GYE
1908,GYA
1909,GYM
1910,GCI
1911,GUB
1912,KWL
1913,GUI
1914,ULU
1915,KWE
1916,KUV
1917,URY
1918,GWD
1919,KWJ
1920,GWL
1921,KVD
1922,LWN
1923,HPA
1924,HAC
1925,HFS
1926,HFA
1927,HAK
1928,HAS
1929,HLD
1930,HPH
1931,HKD
1932,ZHQ
1933,HCQ
1934,HAD
1935,HAM
1936,LBC
1937,HTI
1938,BDA
1939,HLZ
1940,HFT
1941,HGH
1942,HAQ
1943,HAN
1944,HAJ
1945,HZG
1946,HRE
1947,HRB
1948,HGA
1949,EVE
1950,HME
1951,HAA
1952,HDY
1953,HTR
1954,HAU
1955,HAV
1956,HIS
1957,HFE
1958,HDB
1959,HGL
1960,HEL
1961,HEH
1962,HER
1963,HDF
1964,HMV
1965,HMO
1966,XAK
1967,HVB
1968,HIJ
1969,HIW
1970,HIT
1971,SGN
1972,HBA
1973,HOD
1974,HDS
1975,HOQ
1976,HOF
1977,HET
1978,HKK
1979,HOG
1980,HKG
1981,HIR
1982,HVG
1983,HOK
1984,HID
1985,HFN
1986,HOR
1987,HKN
1988,HTN
1989,HOE
1990,HUQ
1991,HUH
1992,HUN
1993,HHQ
1994,HUU
1995,HYN
1996,HUX
1997,HUV
1998,HUI
1999,HGD
2000,HLF
2001,HUY
2002,HRG
2003,HWN
2004,HYD
2005,IAS
2006,IBE
2007,IBZ
2008,IAA
2009,IGU
2010,IGR
2011,IHU
2012,ILP
2013,IOS
2014,ILA
2015,ILO
2016,IUL
2017,JAV
2018,IMP
2019,IMF
2020,IAM
2021,IGA
2022,INX
2023,IDN
2024,IDR
2025,INN
2026,INA
2027,IVC
2028,IVR
2029,INV
2030,IOA
2031,IOP
2032,IPN
2033,IPI
2034,IPE
2035,IPH
2036,IPA
2037,IQQ
2038,IQT
2039,IKT
2040,IFJ
2041,IFN
2042,ISG
2043,ISB
2044,YIV
2045,ILY
2046,IOM
2047,ISC
2048,TSO
2049,IST
2050,ITB
2051,ITK
2052,IVL
2053,IFO
2054,IWJ
2055,ZIH
2056,IZT
2057,ADB
2058,IZO
2059,JAT
2060,JCR
2061,JAG
2062,JAQ
2063,JAI
2064,CGK
2065,JAL
2066,UIT
2067,DJB
2068,JGA
2069,JKR
2070,JQE
2071,DJJ
2072,JED
2073,JEJ
2074,CJU
2075,XRY
2076,JER
2077,JSR
2078,JMU
2079,JGN
2080,GJL
2081,JIJ
2082,JIM
2083,TNA
2084,JDZ
2085,JHG
2086,JIN
2087,JJN
2088,HIN
2089,BCO
2090,JNZ
2091,JPR
2092,JIW
2093,JPA
2094,JDH
2095,JOE
2096,JNB
2097,JON
2098,JHB
2099,JOI
2100,IXJ
2101,JMO
2102,JKG
2103,JRH
2104,JSM
2105,AJF
2106,JDO
2107,JUI
2108,JDF
2109,JUJ
2110,JCK
2111,JUL
2112,JUZ
2113,JYV
2114,KDM
2115,KBT
2116,ABK
2117,KBL
2118,KBM
2119,KCF
2120,KDO
2121,KZF
2122,KAT
2123,KAJ
2124,KAX
2125,KGD
2126,KBX
2127,KAC
2128,KCD
2129,KUY
2130,KAN
2131,KHI
2132,KDL
2133,KAB
2134,FKB
2135,AOK
2136,KBF
2137,ZKB
2138,KAA
2139,BBK
2140,KTR
2141,KTM
2142,KTW
2143,KUN
2144,KVA
2145,KVG
2146,KAW
2147,ASR
2148,KZN
2149,EFL
2150,KDI
2151,CFU
2152,HJR
2153,UVL
2154,HRK
2155,LBD
2156,KDD
2157,IEV
2158,KBP
2159,KGL
2160,TKQ
2161,JRO
2162,YLC
2163,KIN
2164,KTP
2165,FIH
2166,IRA
2167,KTD
2168,KTT
2169,UNG
2170,KWY
2171,NOC
2172,KCZ
2173,USM
2174,CCU
2175,QJY
2176,KXK
2177,KYA
2178,ROR
2179,OSZ
2180,KBR
2181,BKI
2182,KWM
2183,CCJ
2184,KBV
2185,KRK
2186,KWG
2187,KUL
2188,TGG
2189,KUA
2190,KUG
2191,KCH
2192,KCM
2193,KUD
2194,AKF
2195,KUS
2196,UEO
2197,CMU
2198,KUO
2199,KUQ
2200,KUH
2201,KUT
2202,KAO
2203,KWI
2204,KWA
2205,KYZ
2206,LCE
2207,LCG
2208,PLP
2209,LPB
2210,LAP
2211,IRJ
2212,LRM
2213,LSC
2214,EUN
2215,LBS
2216,LAB
2217,LBJ
2218,LBU
2219,LML
2220,LAE
2221,LAJ
2222,LGQ
2223,ING
2224,LOS
2225,LDU
2226,LHE
2227,LKB
2228,LKL
2229,LLI
2230,LPM
2231,LNB
2232,SUF
2233,LPI
2234,LMP
2235,LAU
2236,LEQ
2237,LUV
2238,LGK
2239,LAI
2240,ACE
2241,LHW
2242,ZGC
2243,LAO
2244,LPP
2245,LKA
2246,LCA
2247,LRH
2248,LPA
2249,LSP
2250,LTK
2251,LUC
2252,LST
2253,LAD
2254,LVO
2255,LWY
2256,LEH
2257,ZLN
2258,LPY
2259,LTQ
2260,LEA
2261,LBA
2262,LGP
2263,IXL
2264,LER
2265,LEJ
2266,LKN
2267,LXS
2268,BJX
2269,LNO
2270,LET
2271,LXA
2272,LYG
2273,LIR
2274,LBV
2275,VXC
2276,LGG
2277,LIF
2278,LHG
2279,LNV
2280,LJG
2281,LIK
2282,LIL
2283,XDB
2284,LLW
2285,LIM
2286,LMN
2287,LIG
2288,LDC
2289,LDI
2290,LPI
2291,LYI
2292,LNZ
2293,LIS
2294,LSY
2295,LZH
2296,LPL
2297,LVI
2298,LZR
2299,LJU
2300,IRG
2301,LOF
2302,LOH
2303,LFW
2304,LON
2305,BQH
2306,LGW
2307,LHR
2308,LCY
2309,LTN
2310,STN
2311,LDY
2312,QQP
2313,LDB
2314,LPU
2315,LBP
2316,LBW
2317,HAP
2318,LGI
2319,LGL
2320,ODN
2321,LOD
2322,LRE
2323,LYR
2324,LNE
2325,LDH
2326,LTO
2327,LRT
2328,SJD
2329,LMM
2330,LSA
2331,LDE
2332,LZC
2333,LAD
2334,LXG
2335,LPQ
2336,LKO
2337,LUD
2338,LUG
2339,VSG
2340,LUA
2341,LLA
2342,FBM
2343,LYA
2344,LUN
2345,LUW
2346,LUX
2347,LUM
2348,LXR
2349,LZO
2350,LWO
2351,LYC
2352,LYS
2353,XYD
2354,MST
2355,UBB
2356,MCP
2357,XMS
2358,MFM
2359,MCZ
2360,MCH
2361,MKY
2362,MAG
2363,MED
2364,MAD
2365,IXM
2366,HGN
2367,MAQ
2368,MWF
2369,MFA
2370,GDX
2371,MQF
2372,VVB
2373,SEZ
2374,MXT
2375,MMO
2376,MJE
2377,MJN
2378,MAJ
2379,MQX
2380,MCX
2381,MKU
2382,MZG
2383,SSG
2384,MKZ
2385,AGP
2386,MAK
2387,LGS
2388,MLX
2389,MLE
2390,MYD
2391,MMX
2392,MAV
2393,PTF
2394,MLA
2395,WMP
2396,MNF
2397,MDC
2398,MGA
2399,WVK
2400,WMR
2401,NGX
2402,MNJ
2403,MAO
2404,MAN
2405,MDL
2406,WMA
2407,MGS
2408,IXE
2409,MAY
2410,MNR
2411,MFO
2412,XMH
2413,MHX
2414,MNL
2415,MNG
2416,MZL
2417,MJA
2418,MHG
2419,MKW
2420,MSE
2421,MEC
2422,MAS
2423,MZO
2424,ZLO
2425,MTS
2426,AMO
2427,MXS
2428,MPM
2429,MDQ
2430,MRE
2431,MAB
2432,MAR
2433,MYC
2434,MEE
2435,MGH
2436,MBX
2437,MHQ
2438,JSU
2439,MII
2440,MGF
2441,MPW
2442,WMN
2443,MVR
2444,MRS
2445,MHH
2446,MUR
2447,MBH
2448,MBT
2449,MSU
2450,MHD
2451,MAM
2452,AMI
2453,MMJ
2454,MYJ
2455,MUN
2456,MUK
2457,MNU
2458,MOF
2459,MUB
2460,MAU
2461,MRU
2462,MYG
2463,MAZ
2464,MZT
2465,MDK
2466,MJM
2467,MCV
2468,MES
2469,EOH
2470,MKR
2471,MEH
2472,MXZ
2473,MJB
2474,MKS
2475,MEL
2476,MLN
2477,MMB
2478,NDM
2479,MDU
2480,MDZ
2481,MAH
2482,MYX
2483,MKQ
2484,MWE
2485,RDE
2486,MID
2487,MRD
2488,MIM
2489,MUH
2490,ETZ
2491,MXL
2492,MEX
2493,MFU
2494,ZVA
2495,MDS
2496,MDY
2497,MIK
2498,JMK
2499,BGY
2500,LIN
2501,MXP
2502,PMF
2503,MQL
2504,MIJ
2505,MGT
2506,MMD
2507,MTT
2508,MDP
2509,MRV
2510,MHP
2511,MSQ
2512,MYY
2513,MJZ
2514,MSJ
2515,MIS
2516,MRA
2517,MOI
2518,MYE
2519,MMY
2520,MTF
2521,MQN
2522,MOA
2523,MFJ
2524,ONI
2525,MNB
2526,MFF
2527,MGQ
2528,MJD
2529,MPK
2530,OKU
2531,MOL
2532,MBA
2533,MIR
2534,MBE
2535,LOV
2536,MJK
2537,MNY
2538,ROB
2539,MCM
2540,MEU
2541,MBJ
2542,MTR
2543,MTY
2544,MOC
2545,MVD
2546,MPL
2547,MNI
2548,MOZ
2549,MZI
2550,MXX
2551,TVA
2552,MXM
2553,MOV
2554,MRZ
2555,MLM
2556,HNA
2557,ONG
2558,MXH
2559,MOQ
2560,HAH
2561,MYA
2562,MOW
2563,BKA
2564,DME
2565,SVO
2566,VKO
2567,MJF
2568,OMO
2569,MTV
2570,MJL
2571,MON
2572,MGB
2573,HGU
2574,MHU
2575,ISA
2576,WME
2577,MMG
2578,MPN
2579,MPA
2580,MYW
2581,MVS
2582,MDG
2583,DGE
2584,FMO
2585,MKM
2586,MLH
2587,LII
2588,MUX
2589,MZV
2590,BOM
2591,MUA
2592,MUC
2593,MJV
2594,MMK
2595,MYI
2596,MSR
2597,MCT
2598,MUZ
2599,MFG
2600,MWZ
2601,MGZ
2602,MYT
2603,MJT
2604,ZZU
2605,NBX
2606,MNC
2607,NDR
2608,NAN
2609,NYM
2610,WNP
2611,NGS
2612,NGO
2613,NAG
2614,NBO
2615,WIL
2616,NAJ
2617,NAK
2618,NST
2619,NAL
2620,NMA
2621,ATN
2622,NDK
2623,APL
2624,OSY
2625,NDI
2626,NNT
2627,NAO
2628,NKG
2629,NNG
2630,JNN
2631,NTE
2632,QJZ
2633,NTG
2634,NNY
2635,NYK
2636,NPE
2637,NAP
2638,NAW
2639,NAA
2640,JNS
2641,UAK
2642,NVK
2643,NNM
2644,NAS
2645,PID
2646,MAT
2647,NAT
2648,INU
2649,NVT
2650,WNS
2651,NUX
2652,NLA
2653,CNP
2654,NFG
2655,EGL
2656,NEG
2657,NVA
2658,EAM
2659,NSN
2660,NLP
2661,EMN
2662,NER
2663,NQN
2664,NEV
2665,GON
2666,NPL
2667,BEO
2668,NTL
2669,NCL
2670,ZNE
2671,NQY
2672,NGE
2673,NGI
2674,RPM
2675,NHA
2676,NIM
2677,NCE
2678,NIC
2679,FNI
2680,NGB
2681,NIX
2682,NFO
2683,NTT
2684,IUE
2685,NJC
2686,GOJ
2687,NOJ
2688,NDJ
2689,NRD
2690,NDZ
2691,NLK
2692,NSK
2693,NTN
2694,NRK
2695,NUS
2696,NCA
2697,ELH
2698,NRL
2699,NWI
2700,NOB
2701,NOS
2702,EMA
2703,NDB
2704,NKC
2705,NOU
2706,GEA
2707,NVR
2708,NOZ
2709,OVB
2710,GER
2711,NLD
2712,NHV
2713,TBU
2714,NCU
2715,NUB
2716,NNX
2717,ZAQ
2718,NUE
2719,GOH
2720,UYL
2721,NYU
2722,NYN
2723,OAX
2724,OBD
2725,OBO
2726,OCJ
2727,ZBQ
2728,ODS
2729,OHD
2730,OIT
2731,OKQ
2732,OKJ
2733,OHO
2734,OKA
2735,OIR
2736,OKL
2737,OLB
2738,OLJ
2739,OLP
2740,OMB
2741,OMS
2742,OND
2743,OMR
2744,ORN
2745,OAG
2746,OMD
2747,ORB
2748,REN
2749,ORW
2750,OER
2751,OSW
2752,HOV
2753,OSA
2754,ITM
2755,KIX
2756,OIM
2757,OSI
2758,OSK
2759,OSL
2760,TRF
2761,OSD
2762,OSR
2763,OTU
2764,OUA
2765,OGX
2766,OZZ
2767,ODY
2768,OUD
2769,OUL
2770,UVE
2771,VDA
2772,OYE
2773,PBJ
2774,JFR
2775,PDG
2776,PAD
2777,PPG
2778,PKZ
2779,PAF
2780,PCH
2781,PKY
2782,PLQ
2783,PLM
2784,PQM
2785,PMO
2786,PMI
2787,PMZ
2788,PMW
2789,PMR
2790,PLW
2791,PNA
2792,PTY
2793,PAC
2794,PKN
2795,PGK
2796,PJG
2797,PNL
2798,PPW
2799,PPT
2800,PFO
2801,PAJ
2802,PBO
2803,PID
2804,PBM
2805,ORG
2806,PRA
2807,PRS
2808,PAR
2809,CDG
2810,ORY
2811,BVA
2812,PMF
2813,PHB
2814,PBH
2815,PSI
2816,AOL
2817,PFB
2818,PSO
2819,PAT
2820,GPA
2821,PUF
2822,PWQ
2823,PEX
2824,PKU
2825,PET
2826,POL
2827,PMA
2828,PEN
2829,PYE
2830,PZE
2831,PEI
2832,PGX
2833,PMQ
2834,PEE
2835,PGF
2836,PER
2837,PEG
2838,PSR
2839,PEW
2840,PNZ
2841,PKC
2842,PES
2843,PHW
2844,PHS
2845,PNH
2846,PRH
2847,PQC
2848,HKT
2849,PIX
2850,PDS
2851,PZB
2852,PTG
2853,PIF
2854,PSA
2855,THU
2856,PIU
2857,PLJ
2858,PXU
2859,PBZ
2860,PLH
2861,TGD
2862,PNI
2863,PNR
2864,PTP
2865,PIS
2866,XOP
2867,PKR
2868,PLV
2869,PYJ
2870,PSE
2871,PDL
2872,PMG
2873,PNK
2874,PNP
2875,TAT
2876,PBD
2877,POR
2878,PMV
2879,POT
2880,PAP
2881,PUG
2882,WPB
2883,IXZ
2884,PLZ
2885,POG
2886,PHC
2887,PHE
2888,PLO
2889,PQQ
2890,POM
2891,POS
2892,PSY
2893,PZU
2894,VLI
2895,PTJ
2896,POA
2897,PXO
2898,BPS
2899,PVH
2900,OPO
2901,PVO
2902,PSS
2903,PAZ
2904,POZ
2905,PRG
2906,RAI
2907,PRQ
2908,PPB
2909,PVK
2910,PRN
2911,PPP
2912,PLS
2913,PCL
2914,PBC
2915,PYH
2916,PBE
2917,FUE
2918,PUD
2919,PXM
2920,PJM
2921,PEU
2922,PMY
2923,PEM
2924,PMC
2925,PZO
2926,POP
2927,PPS
2928,PSZ
2929,PVR
2930,PUY
2931,PNQ
2932,PUQ
2933,PUJ
2934,PDP
2935,PND
2936,PBP
2937,PUT
2938,PSU
2939,FNJ
2940,AQI
2941,JJU
2942,IQM
2943,TAO
2944,NDG
2945,ZQN
2946,UEL
2947,XQP
2948,QRO
2949,UET
2950,UIH
2951,UIB
2952,UIP
2953,ULP
2954,UIO
2955,RBP
2956,RBA
2957,RAB
2958,VKG
2959,RAT
2960,RAH
2961,RJN
2962,RFP
2963,RAJ
2964,RJH
2965,RBV
2966,RAM
2967,IXR
2968,UNN
2969,RAR
2970,RKT
2971,RAS
2972,RBE
2973,RAZ
2974,RBJ
2975,REC
2976,RCQ
2977,REG
2978,RNL
2979,RNS
2980,RES
2981,REU
2982,KEF
2983,REX
2984,RHO
2985,RAO
2986,RIB
2987,RCB
2988,RCM
2989,RIX
2990,RJK
2991,RMI
2992,RBR
2993,RCU
2994,GIG
2995,RGL
2996,RIG
2997,RGA
2998,ROY
2999,RVD
3000,RCH
3001,RIS
3002,RUH
3003,RIY
3004,RNE
3005,RTB
3006,VKG
3007,RSD
3008,ROK
3009,RDZ
3010,RRG
3011,RVK
3012,ZXM
3013,RMA
3014,ROM
3015,CIA
3016,FCO
3017,RNP
3018,RNB
3019,RRS
3020,RUR
3021,ROS
3022,RPN
3023,RET
3024,RLG
3025,ROV
3026,ROP
3027,ROT
3028,RTM
3029,URO
3030,RVN
3031,SZT
3032,QFZ
3033,STX
3034,SLU
3035,SXM
3036,LED
3037,STT
3038,LTT
3039,XPZ
3040,SPN
3041,SNO
3042,SLY
3043,SLX
3044,SLW
3045,SSA
3046,SZG
3047,KUF
3048,SVB
3049,UAS
3050,SMI
3051,ADZ
3052,OES
3053,SVZ
3054,BRC
3055,SJO
3056,SYQ
3057,SJU
3058,UAQ
3059,ULA
3060,SLP
3061,LUQ
3062,SAI
3063,CPC
3064,NMG
3065,SAP
3066,AFA
3067,ZSA
3068,SAL
3069,EAS
3070,SAH
3071,NDY
3072,NNB
3073,STB
3074,SPC
3075,VVI
3076,RIA
3077,SMA
3078,SMR
3079,RSA
3080,STM
3081,SMS
3082,SCL
3083,STI
3084,GEL
3085,NTO
3086,HEX
3087,SDQ
3088,STD
3089,SYX
3090,SNE
3091,CGH
3092,VCP
3093,GRU
3094,TMS
3095,VXE
3096,CTS
3097,OKD
3098,SSR
3099,RTW
3100,ZRM
3101,SUJ
3102,SWG
3103,SLZ
3104,SXK
3105,ZVK
3106,SVL
3107,SVU
3108,ZBY
3109,EGM
3110,GXF
3111,QFK
3112,SRG
3113,ZEG
3114,SEL
3115,GMP
3116,ICN
3117,ZRI
3118,SZM
3119,SVQ
3120,PVG
3121,SNN
3122,SWA
3123,SSH
3124,SZD
3125,SZX
3126,LWK
3127,LSI
3128,HIL
3129,CIT
3130,SYZ
3131,SYO
3132,JHQ
3133,REP
3134,IXS
3135,SYM
3136,NKD
3137,SIN
3138,XSP
3139,SQG
3140,JHS
3141,AKY
3142,VAS
3143,JSI
3144,SKP
3145,KVB
3146,SZK
3147,SXL
3148,DWB
3149,SOO
3150,SOF
3151,SOG
3152,SOC
3153,SQH
3154,SOJ
3155,SOD
3156,TZN
3157,XSC
3158,SOU
3159,SOI
3160,SPU
3161,AXP
3162,SXR
3163,STX
3164,RUN
3165,SKB
3166,FSP
3167,SVD
3168,EBU
3169,EUX
3170,UVF
3171,UVF
3172,LED
3173,ZSE
3174,STT
3175,STW
3176,SVG
3177,SML
3178,STO
3179,ARN
3180,BMA
3181,SYY
3182,SQO
3183,XER
3184,SXB
3185,SOY
3186,TNX
3187,STR
3188,ZWS
3189,VAO
3190,SRE
3191,SYU
3192,SUL
3193,THS
3194,NTY
3195,MCY
3196,SUB
3197,URT
3198,SUV
3199,EVG
3200,SVJ
3201,SYD
3202,ZYL
3203,SZZ
3204,TCP
3205,TBJ
3206,TBT
3207,TBO
3208,TBZ
3209,TBG
3210,TUU
3211,TCG
3212,THL
3213,TAC
3214,TCQ
3215,TXG
3216,TIF
3217,TNN
3218,TSA
3219,TPE
3220,TTT
3221,TYN
3222,TAI
3223,TLL
3224,TMR
3225,TNO
3226,TMM
3227,WTA
3228,TMC
3229,TMU
3230,TMP
3231,TAM
3232,TMW
3233,TMH
3234,TNG
3235,TJQ
3236,TJS
3237,TAH
3238,TAP
3239,TRK
3240,TRA
3241,TAR
3242,TPP
3243,TRW
3244,TRO
3245,TIZ
3246,TJA
3247,TAS
3248,TUO
3249,TRG
3250,TVU
3251,TWU
3252,TEE
3253,TBS
3254,TCH
3255,TEU
3256,MME
3257,TFF
3258,TGU
3259,THR
3260,TKB
3261,TLV
3262,TIM
3263,TXM
3264,ZCO
3265,TFN
3266,TFS
3267,TCA
3268,TPQ
3269,TER
3270,THE
3271,TMJ
3272,TTE
3273,TDB
3274,TET
3275,TTU
3276,TEZ
3277,SNW
3278,THG
3279,XTG
3280,TBI
3281,SKG
3282,JTR
3283,TRV
3284,THO
3285,TIS
3286,TSN
3287,TID
3288,TGJ
3289,TIJ
3290,TIH
3291,IKS
3292,TIU
3293,TMX
3294,TSR
3295,TIN
3296,TIQ
3297,TIY
3298,TOD
3299,TIE
3300,TIA
3301,TRE
3302,TGM
3303,TRZ
3304,TIR
3305,TIV
3306,TLM
3307,TAB
3308,TOB
3309,TKN
3310,TKS
3311,TYO
3312,HND
3313,NRT
3314,TOW
3315,TLC
3316,TPR
3317,TMG
3318,TOM
3319,TOF
3320,TGO
3321,TGH
3322,TWB
3323,TRC
3324,TOH
3325,TYF
3326,TOV
3327,TTB
3328,TTQ
3329,TTJ
3330,TOU
3331,TLN
3332,TLS
3333,TUF
3334,XSH
3335,TSV
3336,TOY
3337,TOE
3338,TZX
3339,TST
3340,TPS
3341,TGN
3342,TCB
3343,REL
3344,TRS
3345,TDD
3346,POS
3347,TIP
3348,THN
3349,TMT
3350,TOS
3351,TRD
3352,TJI
3353,TRU
3354,TKK
3355,TTS
3356,WTS
3357,TSB
3358,TSJ
3359,TUB
3360,TUC
3361,TUV
3362,TUR
3363,TFI
3364,TUG
3365,TUA
3366,TLE
3367,TUJ
3368,TCO
3369,TBP
3370,TUN
3371,TXN
3372,TUI
3373,TUK
3374,TRN
3375,TKU
3376,TGZ
3377,TJM
3378,UBJ
3379,UBA
3380,UDI
3381,UBP
3382,UDR
3383,UTH
3384,UFA
3385,UJE
3386,UPG
3387,UCT
3388,ULN
3389,HLH
3390,UUD
3391,ULB
3392,ULY
3393,ULI
3394,USN
3395,ULD
3396,UME
3397,UTT
3398,JUV
3399,UTN
3400,URJ
3401,URA
3402,UGC
3403,OMH
3404,URU
3405,UPN
3406,URG
3407,URC
3408,USL
3409,USH
3410,USK
3411,UKK
3412,UIK
3413,UTP
3414,UII
3415,UTK
3416,UMD
3417,UDJ
3418,VAA
3419,BDQ
3420,VDS
3421,ZAL
3422,VLC
3423,VLN
3424,XVS
3425,VLV
3426,VLS
3427,VLL
3428,VUP
3429,VDE
3430,VAN
3431,YVR
3432,VAI
3433,VBV
3434,VNS
3435,VAW
3436,VAG
3437,VRK
3438,VAR
3439,VST
3440,VAT
3441,VAV
3442,VXO
3443,ANU
3444,VCE
3445,TSF
3446,VER
3447,VRA
3448,VRN
3449,VEY
3450,VFA
3451,VCD
3452,VDM
3453,VIE
3454,VTE
3455,VQS
3456,VGO
3457,VNX
3458,VHM
3459,BVH
3460,VLG
3461,VME
3462,VSA
3463,VNO
3464,VII
3465,VIJ
3466,VBY
3467,VTZ
3468,VTB
3469,VDC
3470,VIT
3471,VIV
3472,OGZ
3473,VVO
3474,VOH
3475,VLK
3476,VOG
3477,VPN
3478,VKT
3479,VOZ
3480,WAE
3481,WHF
3482,WET
3483,WGA
3484,WBA
3485,WGP
3486,WKJ
3487,WLH
3488,WGE
3489,WLS
3490,WVB
3491,WMX
3492,WKA
3493,WAG
3494,AGE
3495,AGL
3496,WXN
3497,WAW
3498,WSR
3499,WSU
3500,WAT
3501,WUG
3502,WUU
3503,WED
3504,EJH
3505,WEH
3506,WEI
3507,WLG
3508,WNZ
3509,GWT
3510,WSZ
3511,WRY
3512,WWK
3513,WHK
3514,WRE
3515,WYA
3516,WIC
3517,WVN
3518,WUN
3519,WNR
3520,WIN
3521,WJA
3522,WOT
3523,WJU
3524,WTO
3525,WTE
3526,WRO
3527,WUD
3528,WUH
3529,WUS
3530,WYN
3531,XMN
3532,XIY
3533,XFN
3534,XIC
3535,XKH
3536,XIL
3537,XNN
3538,XUZ
3539,YKS
3540,KYX
3541,XMY
3542,GAJ
3543,ENY
3544,YNB
3545,YNZ
3546,XYA
3547,RGN
3548,YNJ
3549,YNT
3550,YAO
3551,YAP
3552,IAR
3553,AZD
3554,EYL
3555,RSU
3556,EVN
3557,YBP
3558,YIH
3559,INC
3560,YIN
3561,YIW
3562,JOG
3563,YGJ
3564,OGN
3565,OKR
3566,RNJ
3567,UYN
3568,UUS
3569,ZAD
3570,ZAG
3571,ZAH
3572,ZTH
3573,ZAM
3574,ZNZ
3575,OZH
3576,ZAZ
3577,ZHA
3578,ZAT
3579,CGO
3580,PZH
3581,HSN
3582,ZUH
3583,IEG
3584,ZIH
3585,OUZ
3586,UGU
3587,ZRH
